# 2021. 12. 14. (화)

## mysql

### 별명(Alias)만들기


```

Microsoft Windows [Version 10.0.18362.356]
(c) 2019 Microsoft Corporation. All rights reserved.

C:\Users\user>mysql -u thkim -p
Enter password:
Welcome to the MySQL monitor.  Commands end with ; or \g.
Your MySQL connection id is 14
Server version: 8.0.27 MySQL Community Server - GPL

Copyright (c) 2000, 2021, Oracle and/or its affiliates.

Oracle is a registered trademark of Oracle Corporation and/or its
affiliates. Other names may be trademarks of their respective
owners.

Type 'help;' or '\h' for help. Type '\c' to clear the current input statement.

mysql> use itbank
Database changed
mysql> SELECT account AS '계정', name AS '이름',
    -> grade AS '등급', credit AS '적립금', address AS '주소'
    -> FROM customer;
+--------+--------+--------+--------+-------------+
| 계정   | 이름   | 등급   | 적립금 | 주소        |
+--------+--------+--------+--------+-------------+
| apple  | 이남이 | VIP    |   5000 | 경기 용인시 |
| bank   | 홍길동 | Gold   |  30000 | 서울 종로구 |
| bird   | 구선두 |        |      0 | 충남 천안시 |
| eagle  | 박세째 | Gold   |   2450 |  부산 남구  |
| king   | 오나라 | Gold   |  15000 | NULL        |
| pencil | 김둘   | Silver |    350 |  경기 수원  |
+--------+--------+--------+--------+-------------+
6 rows in set (0.01 sec)

mysql> SELECT customer AS '고객계정',
    -> CONCAT( item, '(', qty, '개)' ) AS '주문상품및수량'
    -> FROM orders;
+----------+----------------+
| 고객계정 | 주문상품및수량 |
+----------+----------------+
| apple    | E06(15개)      |
| apple    | E05(2개)       |
| eagle    | E01(3개)       |
| bank     | E04(5개)       |
| bird     | E01(10개)      |
| bird     | E04(1개)       |
| apple    | E06(10개)      |
| apple    | E05(1개)       |
|          | E02(3개)       |
+----------+----------------+
9 rows in set (0.01 sec)

mysql> SELECT c.name, o.item, o.qty, o.date
    -> FROM customer AS c, orders AS o
    -> WHERE c.grade='Gold' AND c.account=o.customer;
+--------+------+-----+------------+
| name   | item | qty | date       |
+--------+------+-----+------------+
| 박세째 | E01  |   3 | 2020-02-03 |
| 홍길동 | E04  |   5 | 2020-02-03 |
+--------+------+-----+------------+
2 rows in set (0.01 sec)

mysql> quit
Bye

```