# 2021. 12. 04. (토)

## mysql

### 그룹별 검색


```

Microsoft Windows [Version 10.0.18362.356]
(c) 2019 Microsoft Corporation. All rights reserved.

C:\Users\user>mysql -u thkim -p
Enter password:
Welcome to the MySQL monitor.  Commands end with ; or \g.
Your MySQL connection id is 8
Server version: 8.0.27 MySQL Community Server - GPL

Copyright (c) 2000, 2021, Oracle and/or its affiliates.

Oracle is a registered trademark of Oracle Corporation and/or its
affiliates. Other names may be trademarks of their respective
owners.

Type 'help;' or '\h' for help. Type '\c' to clear the current input statement.

mysql> use itbank
Database changed
mysql> SELECT item, SUM( qty ) as 총주문수량
    -> FROM orders
    -> GROUP BY item;
+------+------------+
| item | 총주문수량 |
+------+------------+
| E06  |         15 |
| E05  |          2 |
| E01  |         13 |
| E04  |          6 |
+------+------------+
4 rows in set (0.05 sec)

mysql> SELECT SUM( qty ) as 총주문수량
    -> FROM orders
    -> GROUP BY item;
+------------+
| 총주문수량 |
+------------+
|         15 |
|          2 |
|         13 |
|          6 |
+------------+
4 rows in set (0.00 sec)

mysql> SELECT item, COUNT( * ) AS 주문건수, MAX( qty ) AS 최대주문수
    -> FROM orders
    -> GROUP BY item;
+------+----------+------------+
| item | 주문건수 | 최대주문수 |
+------+----------+------------+
| E06  |        1 |         15 |
| E05  |        1 |          2 |
| E01  |        2 |         10 |
| E04  |        2 |          5 |
+------+----------+------------+
4 rows in set (0.00 sec)

mysql> SELECT * FROM orders;
+-----+----------+------+-----+------------+-------------+
| num | customer | item | qty | date       | saddr       |
+-----+----------+------+-----+------------+-------------+
|   1 | apple    | E06  |  15 | 2020-01-01 | 경기 용인시 |
|   2 | apple    | E05  |   2 | 2020-01-01 | 경기 용인시 |
|   3 | eagle    | E01  |   3 | 2020-02-03 | 부산 남구   |
|   4 | bank     | E04  |   5 | 2020-02-03 | 서울 종로구 |
|   5 | bird     | E01  |  10 | 2020-03-04 | 충남 천안시 |
|   6 | bird     | E04  |   1 | 2020-03-04 | 충남 천안시 |
+-----+----------+------+-----+------------+-------------+
6 rows in set (0.00 sec)

mysql> quit
Bye

```