# 2021. 11. 28. (일)

## mysql

### 정렬검색



```

Microsoft Windows [Version 10.0.18362.356]
(c) 2019 Microsoft Corporation. All rights reserved.

C:\Users\user>mysql -u thkim -p
Enter password:
Welcome to the MySQL monitor.  Commands end with ; or \g.
Your MySQL connection id is 8
Server version: 8.0.27 MySQL Community Server - GPL

Copyright (c) 2000, 2021, Oracle and/or its affiliates.

Oracle is a registered trademark of Oracle Corporation and/or its
affiliates. Other names may be trademarks of their respective
owners.

Type 'help;' or '\h' for help. Type '\c' to clear the current input statement.

mysql> use itbnak
ERROR 1049 (42000): Unknown database 'itbnak'
mysql> use itbank
Database changed
mysql> SELECT account, name, grade
    -> FROM customer
    -> ORDER BY account DESC;
+---------+--------+--------+
| account | name   | grade  |
+---------+--------+--------+
| pencil  | 김둘   | Silver |
| king    | 오나라 | Gold   |
| eagle   | 박세째 | Gold   |
| bird    | 구선두 |        |
| bank    | 홍길동 | Gold   |
| apple   | 이남이 | VIP    |
+---------+--------+--------+
6 rows in set (0.02 sec)

mysql> SELECT customer, item, qty, date
    -> FROM orders
    -> WHERE qty < 10
    -> ORDER BY item ASC, qty DESC;
+----------+------+-----+------------+
| customer | item | qty | date       |
+----------+------+-----+------------+
| eagle    | E01  |   3 | 2020-02-03 |
| bank     | E04  |   5 | 2020-02-03 |
| bird     | E04  |   1 | 2020-03-04 |
| apple    | E05  |   2 | 2020-01-01 |
+----------+------+-----+------------+
4 rows in set (0.01 sec)

mysql> SELECT * FROM orders;
+-----+----------+------+-----+------------+-------------+
| num | customer | item | qty | date       | saddr       |
+-----+----------+------+-----+------------+-------------+
|   1 | apple    | E06  |  15 | 2020-01-01 | 경기 용인시 |
|   2 | apple    | E05  |   2 | 2020-01-01 | 경기 용인시 |
|   3 | eagle    | E01  |   3 | 2020-02-03 | 부산 남구   |
|   4 | bank     | E04  |   5 | 2020-02-03 | 서울 종로구 |
|   5 | bird     | E01  |  10 | 2020-03-04 | 충남 천안시 |
|   6 | bird     | E04  |   1 | 2020-03-04 | 충남 천안시 |
+-----+----------+------+-----+------------+-------------+
6 rows in set (0.00 sec)

mysql> SELECT * FROM customer;
+---------+--------+--------+--------+-------------+
| account | name   | grade  | credit | address     |
+---------+--------+--------+--------+-------------+
| apple   | 이남이 | VIP    |   5000 | 경기 용인시 |
| bank    | 홍길동 | Gold   |  30000 | 서울 종로구 |
| bird    | 구선두 |        |      0 | 충남 천안시 |
| eagle   | 박세째 | Gold   |   2450 |  부산 남구  |
| king    | 오나라 | Gold   |  15000 | NULL        |
| pencil  | 김둘   | Silver |    350 |  경기 수원  |
+---------+--------+--------+--------+-------------+
6 rows in set (0.00 sec)

mysql> SELECT name, price
    -> FROM items
    -> ORDER BY price DESC;
+----------+-------+
| name     | price |
+----------+-------+
| 햄       |  7000 |
| 우유     |  4560 |
| 단무지   |  3250 |
| 주스     |  2300 |
| 김       |  1500 |
| 삭제상품 |     0 |
| 라면     |  NULL |
+----------+-------+
7 rows in set (0.01 sec)

mysql> SELECT name, price
    -> FROM items
    -> ORDER BY price ASC;
+----------+-------+
| name     | price |
+----------+-------+
| 라면     |  NULL |
| 삭제상품 |     0 |
| 김       |  1500 |
| 주스     |  2300 |
| 단무지   |  3250 |
| 우유     |  4560 |
| 햄       |  7000 |
+----------+-------+
7 rows in set (0.00 sec)

mysql> QUIT
Bye

```