# 2021. 12. 20. (월)

## mysql

### 내장 함수

```

Microsoft Windows [Version 10.0.18362.356]
(c) 2019 Microsoft Corporation. All rights reserved.

C:\Users\user>mysql -u thkim -p
Enter password:
Welcome to the MySQL monitor.  Commands end with ; or \g.
Your MySQL connection id is 11
Server version: 8.0.27 MySQL Community Server - GPL

Copyright (c) 2000, 2021, Oracle and/or its affiliates.

Oracle is a registered trademark of Oracle Corporation and/or its
affiliates. Other names may be trademarks of their respective
owners.

Type 'help;' or '\h' for help. Type '\c' to clear the current input statement.

mysql> use itbank
Database changed
mysql> SELECT 1 + '1';
+---------+
| 1 + '1' |
+---------+
|       2 |
+---------+
1 row in set (0.01 sec)

mysql> SELECT CONCAT(2, 'test');
+-------------------+
| CONCAT(2, 'test') |
+-------------------+
| 2test             |
+-------------------+
1 row in set (0.01 sec)

mysql> SELECT CONCAT(2, '3');
+----------------+
| CONCAT(2, '3') |
+----------------+
| 23             |
+----------------+
1 row in set (0.00 sec)

mysql> SELECT @var1 := 1;
+------------+
| @var1 := 1 |
+------------+
|          1 |
+------------+
1 row in set, 1 warning (0.00 sec)

mysql> SELECT @var1;
+-------+
| @var1 |
+-------+
|     1 |
+-------+
1 row in set (0.00 sec)

mysql> SELECT @var2 := COUNT(*) FROM customer;
+-------------------+
| @var2 := COUNT(*) |
+-------------------+
|                10 |
+-------------------+
1 row in set, 1 warning (0.00 sec)

mysql> SELECT @var2;
+-------+
| @var2 |
+-------+
|    10 |
+-------+
1 row in set (0.00 sec)

mysql> quit
Bye

```