# 2021. 11. 24. (수)

## mysql

### 테이블 백업 및 복원

```

Microsoft Windows [Version 10.0.18362.356]
(c) 2019 Microsoft Corporation. All rights reserved.

C:\Users\user>cd sql

C:\Users\user\SQL>mysql -u thkim -p
Enter password:
Welcome to the MySQL monitor.  Commands end with ; or \g.
Your MySQL connection id is 13
Server version: 8.0.27 MySQL Community Server - GPL

Copyright (c) 2000, 2021, Oracle and/or its affiliates.

Oracle is a registered trademark of Oracle Corporation and/or its
affiliates. Other names may be trademarks of their respective
owners.

Type 'help;' or '\h' for help. Type '\c' to clear the current input statement.

mysql> use itbank
Database changed
mysql> insert into customer values ('apple','이남이','VIP',5000,'경기 용인시');
Query OK, 1 row affected (0.01 sec)

mysql> insert into customer values ('pencil','김둘','Silver',350,'경기 수원');
Query OK, 1 row affected (0.01 sec)

mysql> insert into customer values ('eagle','박세째','Gold',2450,'부산 남구');
Query OK, 1 row affected (0.02 sec)

mysql> insert into customer values ('bird','구선두','',0,'충남 천안시');
Query OK, 1 row affected (0.01 sec)

mysql> insert into customer values ('king','오나라','Gold',15000,'서울 성북구');
Query OK, 1 row affected (0.01 sec)

mysql> select * from customer;
+---------+--------+--------+--------+-------------+
| account | name   | grade  | credit | address     |
+---------+--------+--------+--------+-------------+
| apple   | 이남이 | VIP    |   5000 | 경기 용인시 |
| bank    | 홍길동 | Gold   |  30000 | 서울 종로구 |
| bird    | 구선두 |        |      0 | 충남 천안시 |
| eagle   | 박세째 | Gold   |   2450 | 부산 남구   |
| king    | 오나라 | Gold   |  15000 | 서울 성북구 |
| pencil  | 김둘   | Silver |    350 | 경기 수원   |
+---------+--------+--------+--------+-------------+
6 rows in set (0.00 sec)

mysql> select * from items;
Empty set (0.00 sec)

mysql>
mysql> insert into items values('E01','김',30,1500);
Query OK, 1 row affected (0.01 sec)

mysql> insert into items values('E02','단무지',45,3250);
Query OK, 1 row affected (0.01 sec)

mysql> insert into items values('E03','햄',15,7000);
Query OK, 1 row affected (0.01 sec)

mysql> insert into items values('E04','우유',25,4560);
Query OK, 1 row affected (0.04 sec)

mysql> insert into items values('E05','주스',20,2300);
Query OK, 1 row affected (0.02 sec)

mysql> insert into items values('E06','라면',30,2560);
Query OK, 1 row affected (0.01 sec)

mysql> insert into items values('ZZZ','삭제상품',0,0);
Query OK, 1 row affected (0.01 sec)

mysql> select * from items;
+------+----------+--------+-------+
| code | name     | stocks | price |
+------+----------+--------+-------+
| E01  | 김       |     30 |  1500 |
| E02  | 단무지   |     45 |  3250 |
| E03  | 햄       |     15 |  7000 |
| E04  | 우유     |     25 |  4560 |
| E05  | 주스     |     20 |  2300 |
| E06  | 라면     |     30 |  2560 |
| ZZZ  | 삭제상품 |      0 |     0 |
+------+----------+--------+-------+
7 rows in set (0.00 sec)

mysql> desc orders;
+----------+--------------+------+-----+---------+-------+
| Field    | Type         | Null | Key | Default | Extra |
+----------+--------------+------+-----+---------+-------+
| num      | int          | NO   | PRI | NULL    |       |
| customer | varchar(10)  | NO   |     | NULL    |       |
| item     | char(3)      | YES  |     | NULL    |       |
| qty      | int          | NO   |     | 1       |       |
| date     | date         | YES  |     | NULL    |       |
| saddr    | varchar(100) | YES  |     | NULL    |       |
+----------+--------------+------+-----+---------+-------+
6 rows in set (0.02 sec)

mysql> insert into orders values (1,'apple','E06',15,'2020-01-01','경기 용인시');
Query OK, 1 row affected (0.01 sec)

mysql> insert into orders values (2,'apple','E05',2,'2020-01-01','경기 용인시');
Query OK, 1 row affected (0.02 sec)

mysql> insert into orders values (3,'eagle','E01',3,'2020-02-03','부산 남구');
Query OK, 1 row affected (0.01 sec)

mysql> insert into orders values (4,'bank','E04',5,'2020-02-03','서울 종로구');
Query OK, 1 row affected (0.01 sec)

mysql> insert into orders values (5,'bird','E01',10,'2020-03-04','충남 천안시');
Query OK, 1 row affected (0.01 sec)

mysql> insert into orders values (6,'bird','E04',1,'2020-03-04','충남 천안시');
Query OK, 1 row affected (0.01 sec)

mysql> select * from orders;
+-----+----------+------+-----+------------+-------------+
| num | customer | item | qty | date       | saddr       |
+-----+----------+------+-----+------------+-------------+
|   1 | apple    | E06  |  15 | 2020-01-01 | 경기 용인시 |
|   2 | apple    | E05  |   2 | 2020-01-01 | 경기 용인시 |
|   3 | eagle    | E01  |   3 | 2020-02-03 | 부산 남구   |
|   4 | bank     | E04  |   5 | 2020-02-03 | 서울 종로구 |
|   5 | bird     | E01  |  10 | 2020-03-04 | 충남 천안시 |
|   6 | bird     | E04  |   1 | 2020-03-04 | 충남 천안시 |
+-----+----------+------+-----+------------+-------------+
6 rows in set (0.00 sec)

mysql>
mysql> show tables;
+------------------+
| Tables_in_itbank |
+------------------+
| customer         |
| items            |
| orders           |
+------------------+
3 rows in set (0.01 sec)

mysql> dir
    -> ;
ERROR 1064 (42000): You have an error in your SQL syntax; check the manual that corresponds to your MySQL server version for the right syntax to use near 'dir' at line 1
mysql> quit
Bye

```