# 2021. 12. 19. (일)

## mysql

### 데이터 삭제

```

Microsoft Windows [Version 10.0.18362.356]
(c) 2019 Microsoft Corporation. All rights reserved.

C:\Users\user>mysql -u thkim -p
Enter password:
Welcome to the MySQL monitor.  Commands end with ; or \g.
Your MySQL connection id is 10
Server version: 8.0.27 MySQL Community Server - GPL

Copyright (c) 2000, 2021, Oracle and/or its affiliates.

Oracle is a registered trademark of Oracle Corporation and/or its
affiliates. Other names may be trademarks of their respective
owners.

Type 'help;' or '\h' for help. Type '\c' to clear the current input statement.

mysql> use itbank
Database changed
mysql> DELETE FROM orders
    -> WHERE date='2020-03-06';
Query OK, 2 rows affected (0.02 sec)

mysql> SELECT * FROM orders;
+-----+----------+------+-----+------------+-------------+
| num | customer | item | qty | date       | saddr       |
+-----+----------+------+-----+------------+-------------+
|   1 | apple    | E06  |  10 | 2020-01-01 | 경기 용인시 |
|   2 | apple    | E05  |   2 | 2020-01-01 | 경기 용인시 |
|   3 | eagle    | E01  |   3 | 2020-02-03 | 부산 남구   |
|   4 | bank     | E04  |   5 | 2020-02-03 | 서울 종로구 |
|   5 | bird     | E01  |  10 | 2020-03-04 | 충남 천안시 |
|   6 | bird     | E04  |   1 | 2020-03-04 | 충남 천안시 |
|   9 |          | E02  |   3 | 2020-04-01 | 제주시      |
+-----+----------+------+-----+------------+-------------+
7 rows in set (0.00 sec)

mysql> SELECT *
    -> FROM orders
    -> WHERE date='2020-03-06';
Empty set (0.00 sec)

mysql> SELECT account
    -> FROM customer
    -> WHERE name='이남이';
+---------+
| account |
+---------+
| apple   |
+---------+
1 row in set (0.00 sec)

mysql> quit
Bye

```